Metric,NMD,CTL,Total
Demographic measures,,,
    Age (years),43.9 ± 17.7,37.5 ± 19.1,42.6 ± 18.1
    Height (m),1.7 ± 0.1,1.6 ± 0.2,1.7 ± 0.2
    Weight (kg),71.8 ± 19.9,64.8 ± 21.8,70.4 ± 20.5
Functional measures,,,
    10 m run time (s),6.0 (2.8–24.4),3.2 (2.4–4.9),4.8 (2.4–24.4)
    10 m walk time (s),9.5 (5.8–42.5),7.6 (4.8–13.4),9.0 (4.8–42.5)
    TUG time (s),8.0 (4.3–42.6),5.7 (4.2–8.8),7.2 (4.2–42.6)
    5xSTS time (s),11.9 (5.2–45.6),7.2 (3.9–17.8),10.8 (3.9–45.6)
    Brooke score,6.0 (2.0–6.0),6.0 (5.0–6.0),6.0 (2.0–6.0)
    ACTIVLIM Score,2.7 (-7.1–7.2),7.2 (4.3–7.2),3.5 (-7.1–7.2)
