Group,Participant n (total=415),"Participant Female, n (%)",Visit n (total=675),"Visit Female, n (%) [not shown]"
  Myotonic dystrophy (DM),138,86 (62.3%),248,151 (60.9%)
  Facioscapulohumeral muscular dystrophy (FSHD),54,14 (25.9%),110,27 (24.5%)
  Charcot-Marie-Tooth disease (CMT),77,46 (59.7%),86,54 (62.8%)
  Duchenne muscular dystrophy (DMD),20,0 (0.0%),26,0 (0.0%)
  Symptomatic carrier of DMD (scDMD),4,4 (100.0%),4,4 (100.0%)
  GNE myopathy (GNE),10,2 (20.0%),12,2 (16.7%)
  Cystinosis myopathy (CM),9,7 (77.8%),16,12 (75.0%)
  Spinal muscular atrophy (SMA),9,4 (44.4%),14,5 (35.7%)
  Becker muscular dystrophy (BMD),8,0 (0.0%),10,0 (0.0%)
  Limb-girdle muscular dystrophy (LGMD),3,1 (33.3%),4,1 (25.0%)
  Spinobulbar muscular atrophy (SBMA),3,0 (0.0%),3,0 (0.0%)
  Amyotrophic lateral sclerosis (ALS),2,2 (100.0%),2,2 (100.0%)
Total NMD,337,166 (49.3%),535,258 (48.2%)
Total CTL,78,41 (52.6%),140,76 (54.3%)
Total,415,207 (49.9%),675,334 (49.5%)
